Wavenumber,Intensity
66.4034,0.07891335388129717
67.1936,0.10167657475796882
67.9837,0.1404665110661708
68.7738,0.18508125318857227
69.5637,0.2263568268676463
70.3534,0.25936479972286414
71.1431,0.28355189404235925
71.9327,0.30020758395328445
72.7221,0.3103214115293948
73.5115,0.3150409874897759
74.3007,0.316756805424866
75.0898,0.31795472356199717
75.8788,0.3192477288057007
76.6677,0.31979046032978986
77.4565,0.3195041406669727
78.2451,0.3199724418668241
79.0337,0.32299647458711533
79.8221,0.32847371179454005
80.6105,0.33383707887667896
81.3987,0.3362147645519239
82.1868,0.3356573622701789
82.9748,0.33544426566209273
83.7627,0.3388248058624741
84.5504,0.3463144203706383
85.3381,0.3561382601960881
86.1257,0.3658279956970751
86.9131,0.3732092034008987
87.7004,0.3773180019538699
88.4876,0.3791215865305298
89.2747,0.3804766217536782
90.0617,0.38192604379686257
90.8486,0.382500443713704
91.6354,0.38197790198434156
92.422,0.38184206523016084
93.2086,0.3831288133282746
93.995,0.3847096642167925
94.7814,0.3850274749008628
95.5676,0.3847563719462038
96.3537,0.38655328294717684
97.1397,0.39235187875589267
97.9255,0.4017616746895656
98.7113,0.4130224620391582
99.497,0.4245854922241467
100.283,0.4353102918589449
101.068,0.4440424532847256
101.853,0.45012347236963274
102.639,0.4544694117261827
103.424,0.4596607306607735
104.209,0.4686815989004945
104.993,0.48353966059250847
105.778,0.5046232152113159
106.563,0.530784202469412
107.347,0.5601674068807295
108.132,0.591448146923212
108.916,0.6243220727701814
109.7,0.659085491549086
110.485,0.6958950801587118
111.269,0.7335332061291588
112.052,0.7682694921443871
112.836,0.7946571742917593
113.62,0.8082796158843012
114.403,0.8075549311495023
115.187,0.7926299127283156
115.97,0.7628127952169375
116.753,0.7157576397646498
117.537,0.6498672174942807
118.32,0.5678097524999975
119.102,0.47754479524427956
119.885,0.38937509529226094
120.668,0.31113541053015803
121.451,0.24529354539036116
122.233,0.19003263936247536
123.015,0.142823570037533
123.798,0.10318312412909027
124.58,0.07260132115746848
125.362,0.052445890864220725
126.144,0.04227238941026632
126.925,0.03987847893801951
127.707,0.042428842158143784
128.489,0.04738222783609194
129.27,0.0526933431216128
130.051,0.056681709021216116
130.833,0.058442237820509405
131.614,0.05891962147783887
132.395,0.061092694355170916
133.176,0.06797315323243158
133.957,0.08002614367044372
134.737,0.09504625223057088
135.518,0.11077921804874029
136.298,0.12719419136758878
137.079,0.1460611108158102
137.859,0.16921215685653768
138.639,0.19798174511467206
139.419,0.23361254266025716
140.199,0.2767936400277594
140.979,0.32642802704391505
141.759,0.37976302539104656
142.538,0.4344720779176178
143.318,0.4900539614200032
144.097,0.5458760278104444
144.876,0.5970935652086189
145.656,0.6333984697724706
146.435,0.6438361537608407
147.214,0.6243604637585811
147.993,0.5808975667135086
148.771,0.5248958890732843
149.55,0.4657853813222046
150.328,0.4072831765728219
151.107,0.3497517334439484
151.885,0.294442238712325
152.663,0.24465090055989672
153.441,0.2036122743895754
154.219,0.17259329941905563
154.997,0.151059433185198
155.775,0.13766137382467428
156.553,0.13037350893975164
157.33,0.126159280106644
158.108,0.12178876197104815
158.885,0.11581991582642005
159.662,0.10948787167474579
160.439,0.10514939712661876
161.216,0.1039966218823777
161.993,0.10519091645960237
162.77,0.10650315193274162
163.547,0.10554575693516799
164.323,0.10131870388485112
165.1,0.09499093981604748
165.876,0.08846919065649016
166.652,0.08230590322715806
167.428,0.07600424054138263
168.204,0.07003185051170058
168.98,0.06622323724801066
169.756,0.06598462505491925
170.532,0.06875665063132415
171.307,0.07251092754081326
172.083,0.07574530046859344
172.858,0.07880713485075083
173.633,0.08283755136386851
174.409,0.08757481927430319
175.184,0.09118976970609989
175.959,0.09242358736270928
176.733,0.0919269521155527
177.508,0.0914331460431199
178.283,0.09262830771035946
179.057,0.09670091369616103
179.832,0.10362668488265786
180.606,0.11140023116359729
181.38,0.11687939330136436
182.154,0.11813015265658854
182.928,0.1158274121178311
183.702,0.1123003835209001
184.476,0.10934792778445089
185.249,0.10680506554877696
186.023,0.10323515364780111
186.796,0.09836080455085743
187.57,0.09454789641584246
188.343,0.09488457293444419
189.116,0.09944465918756483
189.889,0.10422898117822157
190.662,0.10457394242189876
191.435,0.09953440736757843
192.207,0.09239822388249389
192.98,0.08676964658616362
193.753,0.08277795401046244
194.525,0.07777196630468533
195.297,0.0702373292651408
196.069,0.061803252069179554
196.841,0.05520293231237397
197.613,0.05145172502993322
198.385,0.04967346760132518
199.157,0.04907013887071842
199.928,0.05012237284795045
200.7,0.053345795705869954
201.471,0.057135035421058473
202.243,0.057991114555715366
203.014,0.0537220403552825
203.785,0.04601330436700564
204.556,0.03923660862955127
205.327,0.036916541896680435
206.097,0.03952218887221824
206.868,0.044971592404089364
207.639,0.0504108492298533
208.409,0.053436522707619186
209.179,0.05248654826589603
209.95,0.04734975651557737
210.72,0.03973933944126236
211.49,0.03267686659994561
212.26,0.028534971209866953
213.029,0.027492574529746232
213.799,0.027835345306207786
214.569,0.02773918429178723
215.338,0.026775370917896387
216.108,0.025684270311959495
216.877,0.02504342091665639
217.646,0.02472372701535301
218.415,0.024589013800300288
219.184,0.02503775295519708
219.953,0.02659889527130812
220.722,0.029332878523659064
221.49,0.03275767508350297
222.259,0.03588179946340288
223.027,0.037224598115556465
223.796,0.03566344227063225
224.564,0.03194968166303891
225.332,0.028872383940254143
226.1,0.029250968689086276
226.868,0.03401912170181762
227.636,0.04230462271114055
228.403,0.05233811477389197
229.171,0.061749912266426996
229.938,0.06800853382825099
230.706,0.06986775169343797
231.473,0.06851704264560989
232.24,0.06687601847218234
233.007,0.06754432932302623
233.774,0.07106268093731542
234.541,0.07565017419872304
235.308,0.07855407169962997
236.074,0.07779912987950281
236.841,0.07292247377368336
237.607,0.06482275785026331
238.373,0.05550105443870371
239.14,0.047379994965253566
239.906,0.0416984166978501
240.672,0.0373515447325647
241.438,0.03218902046549137
242.203,0.025686040129985547
242.969,0.019811694468045593
243.735,0.017496244413212337
244.5,0.020684170432977073
245.265,0.029034862332410885
246.031,0.039448852856670165
246.796,0.04726175296419091
247.561,0.049308075452422086
248.326,0.04650547082064133
249.091,0.04295514261349935
249.855,0.042209322998520274
250.62,0.044752380697933934
251.385,0.04882751778133652
252.149,0.05256261892540824
252.913,0.055066487438512265
253.677,0.0561976143398983
254.442,0.05571816992971266
255.206,0.05294172091547664
255.969,0.04775806139530791
256.733,0.04195832119828535
257.497,0.03867132098226391
258.26,0.03981207755947955
259.024,0.04433712734225875
259.787,0.04944162752649837
260.551,0.053140107526407944
261.314,0.05510327982523296
262.077,0.05548737727986963
262.84,0.054147041692020115
263.603,0.05088125481054888
264.365,0.04551147908556907
265.128,0.03795040600601603
265.89,0.029011699126642705
266.653,0.02083768812110567
267.415,0.015909934204132052
268.177,0.015730785838760378
268.94,0.020166343837042387
269.702,0.027195853211091102
270.463,0.03348836325628339
271.225,0.03657839816005674
271.987,0.03713106975171308
272.749,0.03847703004546534
273.51,0.043385928961095985
274.271,0.05141725294389835
275.033,0.059391550776574424
275.794,0.06403850598664287
276.555,0.06441126170996636
277.316,0.06252441226651076
278.077,0.062052282529439014
278.838,0.06587389292497442
279.598,0.07396885855659559
280.359,0.08322135198828115
281.119,0.0896309484426269
281.88,0.09136622639763489
282.64,0.09010973160608833
283.4,0.0894010276638865
284.16,0.09142071012261578
284.92,0.09543701325199694
285.68,0.09943883850419717
286.44,0.10238847289561215
287.199,0.10428524554522725
287.959,0.10523868703832771
288.718,0.10574232515471414
289.477,0.10711451900746963
290.237,0.11055037686170671
290.996,0.11613360719848388
291.755,0.12334542576176263
292.514,0.1318562493148949
293.272,0.1411996719019996
294.031,0.1502141770211413
294.79,0.1576141147755684
295.548,0.16317931687860746
296.307,0.1681865539778701
297.065,0.17439306133493687
297.823,0.18230744969452642
298.581,0.19047153648879983
299.339,0.1966069840402512
300.097,0.19951705685423024
300.855,0.19985195548338014
301.612,0.19899443664411412
302.37,0.197538376424857
303.127,0.19548280556569503
303.885,0.1937123703028954
304.642,0.19429981694717705
305.399,0.19892063075710856
306.156,0.20732001605762265
306.913,0.21739516848946255
307.67,0.22621971999586504
308.427,0.23121018256969209
309.183,0.23157993374221567
309.94,0.22937556265843292
310.696,0.2285298945475371
311.453,0.23241419074981196
312.209,0.2422141105771376
312.965,0.2571250389940463
313.721,0.27543263354478514
314.477,0.29541656749344153
315.233,0.3156376685053795
315.988,0.33480252359933665
316.744,0.3519440819510477
317.5,0.367254793955248
318.255,0.38260551601294385
319.01,0.40055073057301877
319.765,0.4223856836308796
320.521,0.44739509499498264
321.276,0.4740154022033074
322.03,0.5012622635804272
322.785,0.5293223613494393
323.54,0.5596243078207587
324.294,0.5941380133582426
325.049,0.6338921045958759
325.803,0.6783147476538745
326.558,0.7261348929727676
327.312,0.7762106970090928
328.066,0.827176642421384
328.82,0.8766389674486318
329.574,0.9208777206635583
330.328,0.9558022928380662
331.081,0.9792317050261206
331.835,0.992338977688585
332.588,0.9983407981741054
333.342,1.0
334.095,0.9984278321895567
334.848,0.9927752566507626
335.601,0.9804352001306875
336.354,0.959031823285852
337.107,0.9290104752512877
337.86,0.8933393422163732
338.612,0.8542873958185102
339.365,0.8113418427976027
340.117,0.7627707073955663
340.87,0.7087492970212974
341.622,0.6525209962460586
342.374,0.5985822287322202
343.126,0.5495881918699534
343.878,0.5049039761795159
344.63,0.4625243479818018
345.382,0.4221362843063842
346.133,0.38524089567292347
346.885,0.35237527210933167
347.636,0.3218618975985267
348.388,0.29177434753566583
349.139,0.2621857956654457
349.89,0.23514709857405225
350.641,0.21292409159718204
351.392,0.1961349514114088
352.143,0.18295752512129043
352.893,0.17001534787790962
353.644,0.15452339893412478
354.395,0.13639108021142982
355.145,0.11893970922755322
355.895,0.10715061341536142
356.646,0.10372543140651216
357.396,0.10645520865448854
358.146,0.11011320313835339
358.896,0.11069545638681985
359.645,0.10719524651816632
360.395,0.10038202806283204
361.145,0.09191759576211614
361.894,0.08475162393050434
362.644,0.08219040424995554
363.393,0.08476880519846124
364.142,0.08842149971309368
364.891,0.0874806164810936
365.64,0.08014269040087403
366.389,0.07008104031080264
367.138,0.06238579902044349
367.887,0.05912882718828929
368.635,0.05924980135419807
369.384,0.06105316334117132
370.132,0.06336382861376288
370.881,0.06499095720120193
371.629,0.06457969219272904
372.377,0.06158628395266455
373.125,0.05717627345466343
373.873,0.05358072509535743
374.621,0.051974027148219124
375.368,0.05131461247470996
376.116,0.05004593713993251
376.864,0.04865577335727904
377.611,0.04936431540874959
378.358,0.05295270444248438
379.105,0.056819226804448994
379.853,0.05716491608352922
380.6,0.0531594361034476
381.347,0.048110225917532834
382.093,0.04603055788380129
382.84,0.04778062101353536
383.587,0.05116842479705273
384.333,0.053898761498494596
385.08,0.05538433915268271
385.826,0.05634229458641023
386.572,0.05778086503650629
387.318,0.060155315143558666
388.064,0.06266142239855395
388.81,0.06363804809363724
389.556,0.06212984130445621
390.302,0.05841081200035768
391.047,0.05260653446422261
391.793,0.04396690953320969
392.538,0.03274221499204648
393.284,0.021941290757593594
394.029,0.015456759272063237
394.774,0.01433809080446502
395.519,0.016108500646342883
396.264,0.01768954823191522
397.009,0.01772913351028197
397.753,0.016194690864199328
398.498,0.013425082794004662
399.242,0.01058521911598003
399.987,0.010130667581049057
400.731,0.014323847439594662
401.475,0.02290936678834586
402.22,0.032783958290416214
402.964,0.04020476524604486
403.707,0.043349359694487596
404.451,0.043045976910823694
405.195,0.04124709651978632
405.939,0.03894320151649579
406.682,0.0357789810092501
407.426,0.03147260481763718
408.169,0.026882766727403553
408.912,0.023419423572033596
409.655,0.02198410303540976
410.398,0.02259476589425715
411.141,0.024442512221112066
411.884,0.026048259492200285
412.627,0.026025787953171828
413.37,0.024272274475126226
414.112,0.022223716160040242
414.854,0.021476216947455436
415.597,0.022025051027381153
416.339,0.022182007768029418
417.081,0.020456807362306047
417.823,0.017387532390727337
418.565,0.015375592450243945
419.307,0.016742528692806666
420.049,0.021791260112713127
420.79,0.028518138252451312
421.532,0.034259683576568334
422.273,0.03759852494760219
423.015,0.03875051805276056
423.756,0.03857698703456517
424.497,0.03799571179854187
425.238,0.038503393241060654
425.979,0.042279579581237056
426.72,0.05063772029337116
427.461,0.062372552493875334
428.202,0.07419042052827243
428.942,0.08274454245208657
429.683,0.08608664052398798
430.423,0.08378397338809718
431.163,0.07673014453701264
431.903,0.06717245473352822
432.644,0.05832371919254775
433.384,0.053292268080159334
434.123,0.053652916501734794
434.863,0.05817148990995514
435.603,0.06300231093131174
436.342,0.0646346567673127
437.082,0.06348314411764361
437.821,0.0636485805948327
438.561,0.06867094540765847
439.3,0.0781302018274201
440.039,0.08837101896268136
440.778,0.09576487168612981
441.517,0.09904715321054205
442.256,0.09925112800898221
442.994,0.09850561266084266
443.733,0.09888831809727096
444.472,0.10137640764530388
445.21,0.10570673576821095
445.948,0.1113795175490671
446.687,0.11795800229139575
447.425,0.12411079376660364
448.163,0.127777072798327
448.901,0.1282319429658774
449.638,0.1274486009652348
450.376,0.12888434959567766
451.114,0.13450437083941708
451.851,0.14238968217837317
452.589,0.1473048316956525
453.326,0.14443324236636507
454.063,0.13313546331481818
454.801,0.11723810848743643
455.538,0.10193591041117629
456.275,0.0906763187623284
457.011,0.08440842843259203
457.748,0.08247605731576081
458.485,0.08353969876711467
459.221,0.08601095087075629
459.958,0.08818862281035808
460.694,0.08831902788614926
461.431,0.08515387948498267
462.167,0.07897650782553708
462.903,0.07182444060350711
463.639,0.0661106197211211
464.375,0.06269537582263186
465.11,0.060259985139078105
465.846,0.05693541400853248
466.582,0.05280695948371464
467.317,0.050266239886948845
468.053,0.0515803393638652
468.788,0.056846110919876514
469.523,0.0647167258807089
470.258,0.07396539511261832
470.993,0.08341566173680381
471.728,0.09140113440481287
472.463,0.09652411772410908
473.198,0.09862450356575607
473.932,0.09840863990959339
474.667,0.09649134760896091
475.401,0.09327569909497899
476.136,0.08963313465953436
476.87,0.0871310789295825
477.604,0.08717689283284936
478.338,0.09011001940715271
479.072,0.09534349963035343
479.806,0.10216025902755944
480.54,0.11008110609828937
481.273,0.11873162213876784
482.007,0.12764609999362364
482.741,0.13609272749530577
483.474,0.14326387843766378
484.207,0.14895883606325114
484.94,0.15385806437746138
485.673,0.15897290153936042
486.406,0.16528999217612542
487.139,0.17381668891678012
487.872,0.184928253970634
488.605,0.19730975688986285
489.337,0.20834586214995085
490.07,0.21594232281446
490.802,0.21969050912432186
491.535,0.22066598917475522
492.267,0.22080596554519055
492.999,0.2224133158357957
493.731,0.2276427537774687
494.463,0.2380879895971711
495.195,0.2542602755645787
495.927,0.2744546349581754
496.658,0.29410182040369814
497.39,0.30775517226103144
498.121,0.3131646372086682
498.853,0.3132484153814199
499.584,0.31343581955260075
500.315,0.31721996559670046
501.046,0.3243706686791373
501.777,0.3320306419628304
502.508,0.336207492075573
503.239,0.33326293599955914
503.97,0.322213719337824
504.7,0.3062967694734212
505.431,0.29135681085999937
506.161,0.281600716112821
506.891,0.27641674372012354
507.622,0.2715348347139544
508.352,0.2633993205690786
509.082,0.251801663755098
509.812,0.23826842389798059
510.542,0.22372317922717075
511.271,0.20902089556066497
512.001,0.19613548722112026
512.731,0.1870890878745259
513.46,0.18233899767890938
514.189,0.18122307944718155
514.919,0.18310536644500178
515.648,0.18688369733297003
516.377,0.18991298917455635
517.106,0.18885136056657173
517.835,0.182129103017748
518.564,0.1713501956691633
519.292,0.16014215772311755
520.021,0.1516949811822225
520.749,0.14692182479646382
521.478,0.14420732843487943
522.206,0.140956159087094
522.934,0.13594885446178426
523.662,0.13020355113358306
524.39,0.12530956211560682
525.118,0.12136322409376644
525.846,0.11706141726614676
526.574,0.11156325265089267
527.302,0.10602724976414822
528.029,0.10332810532338946
528.757,0.10599120179672318
529.484,0.1139476423556923
530.211,0.12426287869631931
530.939,0.13312330681121912
531.666,0.13804065179707234
532.393,0.1386543445344041
533.119,0.13628736130580635
533.846,0.1327426484163967
534.573,0.12878148092818925
535.3,0.12358154308899273
536.026,0.1159223419104198
536.753,0.10594716312633812
537.479,0.09546717994618877
538.205,0.08655856534374888
538.931,0.08023378000597779
539.657,0.07661812672257308
540.383,0.07607249536513566
541.109,0.07962242326689291
541.835,0.08795772478031993
542.561,0.09973621690308566
543.286,0.1111425846632065
544.012,0.11804538175889995
544.737,0.11905200260137011
545.462,0.11616356365569291
546.188,0.11245651511626373
546.913,0.10947962653783294
547.638,0.10660529871658923
548.363,0.10239160217526037
549.087,0.09647375086918346
549.812,0.0902377062612065
550.537,0.08549074559749727
551.261,0.0826772012777228
551.986,0.08100365460218498
552.71,0.08012240762601053
553.434,0.08065404090621721
554.159,0.0831747413818238
554.883,0.08782967094813747
555.607,0.0944508790586115
556.331,0.10170912139419448
557.054,0.10702037182592895
557.778,0.10890451337536458
558.502,0.10867788161158053
559.225,0.1086991816053939
559.949,0.10989075803509706
560.672,0.11153024218924508
561.395,0.11216713115742294
562.118,0.11025336788854821
562.841,0.10527369240336865
563.564,0.09900390841938614
564.287,0.09479589435948856
565.01,0.09498544917686835
565.733,0.09933931636021706
566.455,0.10584187880978177
567.178,0.11220692802728725
567.9,0.11679881884433364
568.622,0.11912605124752132
569.345,0.1198398811333197
570.067,0.11992784652496628
570.789,0.11971066930762927
571.511,0.11869031898512411
572.233,0.11644106075156035
572.954,0.11356936834284743
573.676,0.11124387336080856
574.398,0.10958754273678906
575.119,0.10768952798206657
575.84,0.10596199540522835
576.562,0.10717779245653347
577.283,0.11371723501592099
578.004,0.12408009193657166
578.725,0.13323234270896667
579.446,0.13662105506194308
580.167,0.13354817696671928
580.887,0.12703611673026385
581.608,0.12118571322215231
582.329,0.118400561496221
583.049,0.11806982113492905
583.769,0.11725016256380343
584.49,0.11304979579183097
585.21,0.10529913326960434
585.93,0.09720919668536107
586.65,0.09289370698243304
587.37,0.09390266249075918
588.09,0.0985931517291408
588.809,0.10479515652550352
589.529,0.11192178517523776
590.248,0.12007681269528948
590.968,0.1283643875911091
591.687,0.13498230591887658
592.406,0.13846233968117588
593.126,0.13820261919965884
593.845,0.1339725471826415
594.564,0.12590712463438028
595.282,0.11567409239023038
596.001,0.10669409622197804
596.72,0.10171971152780332
597.439,0.10020789152798784
598.157,0.09881969599026781
598.875,0.09447050854747738
599.594,0.08674087247136057
600.312,0.07765915465291703
601.03,0.06943637306604462
601.748,0.06271875304756776
602.466,0.05741414319545389
603.184,0.05440182812939075
603.902,0.05507745778173395
604.619,0.05941313540483215
605.337,0.0655107146546815
606.055,0.0709036562564285
606.772,0.07378137428627767
607.489,0.07371277569939408
608.206,0.07191509697196555
608.924,0.07019775660918755
609.641,0.06923625552124048
610.358,0.06844271132797061
611.074,0.06734159195273719
611.791,0.06605860062732946
612.508,0.06440880115061084
613.224,0.06155145962440523
613.941,0.057031001774739305
614.657,0.051693920185123476
615.374,0.04732436703056407
616.09,0.04562823201364716
616.806,0.047479752859188394
617.522,0.052441777591866655
618.238,0.058539602386631535
618.954,0.06288301693797149
619.67,0.06321182198455468
620.385,0.059058044359307164
621.101,0.05145817332969534
621.816,0.042014994863722344
622.532,0.03267393019917789
623.247,0.026028050343760743
623.962,0.02480047103178101
624.677,0.0301713214065369
625.392,0.04041790017183076
626.107,0.051726003817821484
626.822,0.06090350263241882
627.537,0.06730261834981406
628.251,0.07206043380887407
628.966,0.0762730521876435
629.681,0.08023990868137501
630.395,0.08323230647278959
631.109,0.08315186526019873
631.823,0.07760880728850982
632.538,0.06661136647745486
633.252,0.0538074982322828
633.965,0.04423520087658593
634.679,0.0408539664547061
635.393,0.043068674100310914
636.107,0.04761625747262385
636.82,0.05054812989384974
637.534,0.04980709540694921
638.247,0.047593055770751104
638.96,0.04981279506191849
639.674,0.060659233369188575
640.387,0.07639771129113641
641.1,0.08638341504482382
641.813,0.08256203184203854
642.526,0.06718600991862889
643.238,0.04949164191680263
643.951,0.03621331728775745
644.664,0.02756568834105045
645.376,0.020998563946921213
646.088,0.01568010406250785
646.801,0.01271038308203319
647.513,0.012644313980050451
648.225,0.014151662894161214
648.937,0.015318020630255478
649.649,0.01574950141686287
650.361,0.01681073406228106
651.073,0.019642030706321357
651.784,0.023433425586158324
652.496,0.026186245622165136
653.207,0.02691112857831389
653.919,0.0263372813741165
654.63,0.025861333821058454
655.341,0.02680500538308398
656.052,0.03026130764315914
656.763,0.03625964083645026
657.474,0.04289583645095303
658.185,0.047292768750399304
658.896,0.0479261333675231
659.607,0.045800524699035845
660.317,0.043348085595988385
661.028,0.042538166803822455
661.738,0.04402188206944685
662.449,0.04742113029593645
663.159,0.051693788049057665
663.869,0.05515344584960557
664.579,0.055904004810044455
665.289,0.05312097360010516
665.999,0.04794137692807223
666.709,0.04237248514266154
667.418,0.03726351569984835
668.128,0.03216985899703992
668.837,0.02715442998685276
669.547,0.023499072723768707
670.256,0.02217728268692861
670.965,0.022655348785185124
671.674,0.023742084601427932
672.384,0.024863839463412432
673.093,0.026159872870135367
673.801,0.028013604456074034
674.51,0.030737420047991088
675.219,0.0342991657247331
675.927,0.03820282214262957
676.636,0.04177134716032597
677.344,0.04442197614559521
678.053,0.04552125618604986
678.761,0.04443400004079101
679.469,0.041302193397750715
680.177,0.03771513245862626
680.885,0.03593206822226315
681.593,0.03696231371788943
682.301,0.03962338708860601
683.009,0.041709792993632734
683.716,0.04184842106530028
684.424,0.04010383053168002
685.131,0.03723915205033083
685.839,0.03389708074677388
686.546,0.030497616920878594
687.253,0.02748971338169168
687.96,0.02537394811414276
688.667,0.0246372551708176
689.374,0.025730998950821257
690.081,0.028729326911773743
690.788,0.03294126040006513
691.494,0.037511381738949884
692.201,0.0423504839698066
692.907,0.047499281014752405
693.614,0.051605109252581535
694.32,0.05226548498429491
695.026,0.048220856579783304
695.732,0.040493093574251064
696.438,0.03148131325527422
697.144,0.023771323518118875
697.85,0.01954880098576266
698.556,0.019817644969943243
699.262,0.023712240454945147
699.967,0.0292515360052234
700.673,0.03484979091111815
701.378,0.03962197731318111
702.084,0.0425408160364773
702.789,0.04239233393034209
703.494,0.03920727307418162
704.199,0.03526728602898766
704.904,0.033724956996217095
705.609,0.035758014043613416
706.314,0.039415421957578085
707.018,0.04168218724367921
707.723,0.04143272120786867
708.427,0.04000018814919727
709.132,0.039372947107435725
709.836,0.04041121099245527
710.54,0.04242260937284437
711.245,0.043946933347604855
711.949,0.04390468514043775
712.653,0.04220142425992429
713.357,0.03947699136825395
714.06,0.03665550211100173
714.764,0.03475347988814612
715.468,0.03461950780649206
716.171,0.036605413327896685
716.875,0.04060906430434911
717.578,0.04618316518545794
718.282,0.05224102844418879
718.985,0.05700513325512694
719.688,0.05885452634983171
720.391,0.057366492127503256
721.094,0.053546890758248894
721.797,0.04925479971775577
722.499,0.04652761886358198
723.202,0.04695487853822734
723.905,0.050827090142931707
724.607,0.05640003312167854
725.31,0.060608726735158214
726.012,0.0612608131401743
726.714,0.05850177891541435
727.416,0.053981656039349964
728.118,0.04896518396758927
728.82,0.04356304686485598
729.522,0.03749493795995971
730.224,0.031206751393644927
730.926,0.026202507370942818
731.627,0.024096988102354625
732.329,0.02502467724296261
733.03,0.027154250431745523
733.732,0.02823032137765048
734.433,0.027528405841190463
735.134,0.026136850395820824
735.835,0.02576787013726356
736.536,0.027551750790018086
737.237,0.03125684048162321
737.938,0.035155632253194506
738.639,0.03713769440432238
739.339,0.03628905046227229
740.04,0.03336788489138164
740.74,0.030222613715260405
741.441,0.02901301082811503
742.141,0.031153396916093746
742.841,0.03626179975714466
743.542,0.0423086959005206
744.242,0.046902051722475545
744.942,0.04838058013076143
745.641,0.046234426356547176
746.341,0.04132344068207078
747.041,0.0359299071506408
747.741,0.03309560740855265
748.44,0.034974944287698366
749.14,0.04106759274540902
749.839,0.04806783311421348
750.538,0.05205578316259326
751.237,0.05157713215612532
751.936,0.048772375060486685
752.635,0.04725717038236595
753.334,0.04889954154213217
754.033,0.05274806787778365
754.732,0.05655927285745854
755.431,0.058628075439716314
756.129,0.05840471152484809
756.828,0.05629039714469192
757.526,0.05324216072756395
758.224,0.05033029631909785
758.923,0.048271845464654455
759.621,0.04714108785944
760.319,0.04648829149822377
761.017,0.045472185109584826
761.715,0.04297088069859954
762.412,0.03857794286306703
763.11,0.03408876226069026
763.808,0.03295456019624742
764.505,0.036977230289516674
765.203,0.04388337887011549
765.9,0.04926663647062038
766.597,0.050838324830987366
767.295,0.049939142773552464
767.992,0.049052123793910045
768.689,0.048951897455741356
769.386,0.0488312888853695
770.082,0.04844704254260029
770.779,0.04883982741622359
771.476,0.05072456637377373
772.172,0.05297697447490096
772.869,0.05322038389068218
773.565,0.04981186080000362
774.262,0.04339662827369607
774.958,0.036733315871739856
775.654,0.03271108512777642
776.35,0.03206775950932806
777.046,0.033126828499907696
777.742,0.03382453571284519
778.438,0.033703636457737635
779.134,0.033786618614754065
779.829,0.03497097432267286
780.525,0.03693526177075272
781.22,0.03849671816596355
781.916,0.03868695214209123
782.611,0.037389476653542135
783.306,0.03529396756630591
784.001,0.033596138222995
784.696,0.03340222777191049
785.391,0.03507668890694214
786.086,0.03833937945016399
786.781,0.042968482954767184
787.476,0.04883533712374003
788.17,0.055004986689926386
788.865,0.05934843277981579
789.559,0.059797865694101324
790.254,0.05615039081768126
790.948,0.05054592174238174
791.642,0.04612008284502886
792.336,0.044940913450029346
793.03,0.04662763907572028
793.724,0.04888765579037913
794.418,0.04989337564941113
795.112,0.05012913064930203
795.805,0.05148922020802181
796.499,0.05482105587626493
797.192,0.058804330031330156
797.886,0.06096020853722449
798.579,0.05952892898611178
799.272,0.05478427638422746
799.965,0.04876743287375745
800.659,0.04387766775151376
801.352,0.04187011241314131
802.044,0.043540707122792094
802.737,0.048348943076081626
803.43,0.05458357108897251
804.123,0.06067730605558945
804.815,0.06597138071444054
805.508,0.06963896431383283
806.2,0.06984187788563255
806.892,0.06509255959335138
807.585,0.05624964109658763
808.277,0.046452963037848634
808.969,0.03891217074139907
809.661,0.0346708085745061
810.353,0.03230894935321771
811.044,0.029854130051774154
811.736,0.027119979474835125
812.428,0.02588327367322693
813.119,0.02754615440137025
813.811,0.03113586927705847
814.502,0.03415263243289818
815.193,0.035109519703567856
815.885,0.034704959165121445
816.576,0.0346274420198131
817.267,0.0356134939125259
817.958,0.03658499028304186
818.649,0.035315239667789565
819.339,0.030069215293780576
820.03,0.021139114135238616
820.721,0.011005015721407257
821.411,0.0030356878738013807
822.102,0.0
822.792,0.003046158146503238
823.482,0.011025389931385791
824.172,0.020705375873992595
824.863,0.02838053581457818
825.553,0.0319402818856263
826.242,0.031913966161441744
826.932,0.030847178741868053
827.622,0.03152054024425057
828.312,0.03515287503149182
829.001,0.04096710070585585
829.691,0.04739234994966231
830.38,0.05333891825014589
831.07,0.05798371587894103
831.759,0.059917574039071345
832.448,0.05763880707284352
833.137,0.05128745779604375
833.826,0.04344426653040841
834.515,0.037957242316190264
835.204,0.037760910265972225
835.893,0.04309763597771437
836.581,0.05118116086142619
837.27,0.057743278519975516
837.958,0.05957039539899763
838.647,0.056186753218156235
839.335,0.04971289547154594
840.023,0.04356551127349796
840.712,0.040700607257083084
841.4,0.04179683383470954
842.088,0.044460086969589335
842.776,0.04479858154699971
843.463,0.04071611353598334
844.151,0.03395577456211257
844.839,0.02862396579233188
845.526,0.027570635037854643
846.214,0.030274095449706204
846.901,0.034007612099358285
847.589,0.03654770608493437
848.276,0.03762570046622655
848.963,0.038401154240855606
849.65,0.04018971333891094
850.337,0.0435240848975213
851.024,0.04780752623116851
851.711,0.051730493368807695
852.398,0.05441502509950323
853.084,0.05604789660540043
853.771,0.056995259733789744
854.457,0.05686556431836236
855.144,0.05545717065902386
855.83,0.054132287917157476
856.516,0.054840336374381446
857.202,0.057729408194199285
857.888,0.060946803559617006
858.574,0.0630312382426499
859.26,0.0643103003763796
859.946,0.06544511983323129
860.632,0.0655303102248541
861.318,0.06250824498217435
862.003,0.05547992686284613
862.689,0.046376513478232684
863.374,0.03906420298631311
864.059,0.036366657071604865
864.745,0.03781556183410415
865.43,0.04042759631853818
866.115,0.04154020660974403
866.8,0.040777895054653124
867.485,0.03961241488833411
868.17,0.039471111102233065
868.854,0.040281789416253495
869.539,0.040761731155013206
870.224,0.04028940614913928
870.908,0.040128443946246935
871.592,0.04193707909589399
872.277,0.045264148607474006
872.961,0.04767469097665188
873.645,0.047335205823809096
874.329,0.04433798743423498
875.013,0.03963236109160945
875.697,0.0341861635708876
876.381,0.02956728634692417
877.065,0.02805822237672816
877.748,0.03117747956166591
878.432,0.03797005975457597
879.116,0.04496282486749572
879.799,0.048369558120220306
880.482,0.04694195791853523
881.166,0.04255492121626371
881.849,0.037910133242786664
882.532,0.03426879126136592
883.215,0.031671771924088425
883.898,0.03044497173381629
884.581,0.03135908683961728
885.263,0.03433222105275377
885.946,0.038025689643944004
886.629,0.04114332759554288
887.311,0.043314447991204104
887.994,0.04443556625586127
888.676,0.04431710436195002
889.358,0.04347088723574267
890.04,0.042923470793652864
890.722,0.04247372033872827
891.404,0.040362693663153835
892.086,0.035758541155870724
892.768,0.03083143095992638
893.45,0.029192513718237972
894.132,0.032407641906692444
894.813,0.038818173355626984
895.495,0.04559068451183333
896.176,0.05092214686565894
896.858,0.054245245230847484
897.539,0.05539079667395171
898.22,0.054275455103990164
898.901,0.051218443924857034
899.582,0.047098260238807484
900.263,0.04287518582510119
900.944,0.039134981608420466
901.625,0.036410026579479934
902.306,0.03544971994222285
902.986,0.03639538330764743
903.667,0.03810760441469059
904.347,0.03926533258682062
905.027,0.03995479388903417
905.708,0.041251732258485566
906.388,0.04327746330402697
907.068,0.044487074401191214
907.748,0.043268676369456145
908.428,0.039819633191776935
909.108,0.03593710260949871
909.788,0.033089761909538995
910.468,0.031088070953695153
911.147,0.028560742620644414
911.827,0.0246661041312758
912.506,0.020515614651412793
913.186,0.01886085883237997
913.865,0.02198658369550931
914.544,0.029644668180229698
915.223,0.03879005104358296
915.902,0.04534733084567621
916.581,0.04694986686464132
917.26,0.044898554620018565
917.939,0.04331932148844169
918.618,0.0456748611295499
919.296,0.051750304592796746
919.975,0.05818821244158168
920.654,0.06203900669258951
921.332,0.06346026483844804
922.01,0.06470998391719618
922.689,0.06727934781387798
923.367,0.07102058729557079
924.045,0.07540663675873722
924.723,0.07964040667019827
925.401,0.08166968472799845
926.079,0.0794872542991118
926.756,0.0738772608319347
927.434,0.06811876400974975
928.112,0.06471600800502665
928.789,0.0632533809356452
929.467,0.06129910834779998
930.144,0.05696588517233983
930.821,0.05078448884709185
931.498,0.04523505502115442
932.176,0.04256461459867415
932.853,0.043257876506097054
933.53,0.04617861234745321
934.206,0.04942869456915886
934.883,0.051248284926960916
935.56,0.05086310215161943
936.237,0.04881935875000345
936.913,0.046483565069955005
937.59,0.04521202779469082
938.266,0.04582110673455497
938.942,0.048521219026497794
939.619,0.05302977575042338
940.295,0.05836643394805564
940.971,0.06258309120945425
941.647,0.06344942870081643
942.323,0.06015841383271132
942.998,0.054361421149338875
943.674,0.04914074648567185
944.35,0.0463499007585962
945.025,0.044745935196361594
945.701,0.04128165751312148
946.376,0.034554853593670894
947.052,0.026345138357685427
947.727,0.019823029532218605
948.402,0.017310449970720773
949.077,0.019535170240647874
949.752,0.025522842004325925
950.427,0.03280065063499902
951.102,0.03863187324212828
951.777,0.04153366542710416
952.452,0.04165710367137923
953.126,0.040007869852748006
953.801,0.03728411561619009
954.475,0.03321425287803807
955.15,0.027378895333529052
955.824,0.02102848330830878
956.498,0.017276474866124655
957.172,0.01863154799734631
957.846,0.024507970752865028
958.52,0.03168649327176066
959.194,0.037078268741056984
959.868,0.03959457389940646
960.542,0.039810563862553605
961.215,0.03893485914119797
961.889,0.03833676481058491
962.562,0.039181291512839604
963.236,0.04192617581067059
963.909,0.046241912984360506
964.582,0.051478539448942415
965.256,0.05689906632215392
965.929,0.061483377298875236
966.602,0.06410719827314225
967.275,0.06448470616400334
967.947,0.06370678545120155
968.62,0.06329617755537066
969.293,0.06362445242197498
969.966,0.06362043204966691
970.638,0.062257314824457434
971.311,0.06003085113445442
971.983,0.05846824548426388
972.655,0.05835639066934147
973.327,0.058993221028024456
974.0,0.058992274010921344
974.672,0.05721223481832292
975.344,0.053222487382065746
976.015,0.0477473918390085
976.687,0.04276337086816239
977.359,0.040509966197885716
978.031,0.04190856166961766
978.702,0.045719599091637954
979.374,0.049282729538946246
980.045,0.05034140865705292
980.717,0.048380692818444614
981.388,0.04453413838807346
982.059,0.04076046767242164
982.73,0.03897416612356494
983.401,0.039815750706714614
984.072,0.04175644031844402
984.743,0.042124039616913314
985.414,0.03923008977281308
986.084,0.03333606423014423
986.755,0.026375054024488365
987.426,0.02126141819403724
988.096,0.02033649224924351
988.766,0.023632812058506827
989.437,0.029065625436191993
990.107,0.03422927826841512
990.777,0.03747834358503588
991.447,0.03806022093308732
992.117,0.0362830802399326
992.787,0.033375321393644346
993.457,0.03089732655249002
994.127,0.03042118492472493
994.796,0.03311156854910424
995.466,0.03870116328634716
996.136,0.045177829238691264
996.805,0.05015854580810991
997.474,0.052497421817100966
998.144,0.05254796286305994
998.813,0.051397314058215605
999.482,0.05007467882830852
1000.15,0.04896435488607433
1000.82,0.047517102143277146
1001.49,0.04469555800023024
1002.16,0.040118536155288
1002.83,0.03478393407517685
1003.5,0.03063543369700544
1004.16,0.02932018743471443
1004.83,0.0311294133164248
1005.5,0.03492605142871264
1006.17,0.03907741585815649
1006.84,0.042422490363280746
1007.51,0.044552741417734895
1008.17,0.045597788127065726
1008.84,0.045810381832183014
1009.51,0.04506284585474267
1010.18,0.04290571573801094
1010.85,0.03965050793041849
1011.51,0.03698240914967848
1012.18,0.03646284487246049
1012.85,0.03766325825021813
1013.52,0.03883388052728315
1014.18,0.03923081267432527
1014.85,0.03972684660441919
1015.52,0.04114428755901973
1016.18,0.04289990841939489
1016.85,0.04366892638306485
1017.52,0.043023059087878734
1018.19,0.04212049742289942
1018.85,0.04260249811542941
1019.52,0.04487827418210909
1020.19,0.04768223397220584
1020.85,0.049170765825713045
1021.52,0.04822908268753994
1022.19,0.04512607550172048
1022.85,0.04160461931840639
1023.52,0.0401050737851901
1024.18,0.04190811014246616
1024.85,0.045831535981079204
1025.52,0.04941899524097212
1026.18,0.0512130675436322
1026.85,0.05119327946889865
1027.51,0.04979290286329695
1028.18,0.0477477316814663
1028.85,0.046222248544277235
1029.51,0.04579154754017155
1030.18,0.045709247860949764
1030.84,0.044898043233030545
1031.51,0.04327695736895654
1032.17,0.041840120161752245
1032.84,0.0419374095923202
1033.5,0.04424514573588334
1034.17,0.047746489815751025
1034.83,0.05010408472223977
1035.5,0.0498561296328589
1036.16,0.04788224460820325
1036.83,0.04603910752494719
1037.49,0.045027222633510736
1038.16,0.04444572557945791
1038.82,0.043988711844876544
1039.49,0.04324087371485771
1040.15,0.041221247771644785
1040.81,0.03772977680444977
1041.48,0.034436887893720465
1042.14,0.033168318495853374
1042.81,0.033615471542109386
1043.47,0.03390837291449445
1044.13,0.033146827079826684
1044.8,0.0325715441095662
1045.46,0.03424198151910083
1046.13,0.03884534521573298
1046.79,0.04470845591244824
1047.45,0.04883171536631946
1048.12,0.049029749432552734
1048.78,0.04540170612758609
1049.44,0.04010011837290136
1050.11,0.035885953546811435
1050.77,0.03481895352156351
1051.43,0.03752311169174274
1052.1,0.04262549546923186
1052.76,0.046971044133670044
1053.42,0.04804054817210409
1054.08,0.04692013940747323
1054.75,0.04754959538069228
1055.41,0.05206507376115727
1056.07,0.05793076210604587
1056.73,0.060495014012111374
1057.4,0.057536836015891296
1058.06,0.05060225167152289
1058.72,0.042960838435288536
1059.38,0.037632625732019004
1060.04,0.036901244887125796
1060.71,0.04163329525086207
1061.37,0.04980332252175564
1062.03,0.056646990672166976
1062.69,0.058031529257887335
1063.35,0.0540397975661935
1064.02,0.04850939171956179
1064.68,0.0451798054396445
1065.34,0.045296721751880854
1066.0,0.0484428965956692
1066.66,0.05359365478286723
1067.32,0.05859379477821459
1067.98,0.06023821598914656
1068.64,0.056506185915102654
1069.31,0.04879777077584715
1069.97,0.04125365902886162
1070.63,0.037574026912486846
1071.29,0.03839821504612026
1071.95,0.04149058820439813
1072.61,0.04408928730898363
1073.27,0.04502424696278879
1073.93,0.045036494438516955
1074.59,0.0454973813106595
1075.25,0.04682043219082718
1075.91,0.048098698087597334
1076.57,0.04822596718887691
1077.23,0.04694274834310211
1077.89,0.04459994220740968
1078.55,0.041486509948769554
1079.21,0.037809951657111096
1079.87,0.03389812754314163
1080.53,0.03000315451285375
1081.19,0.026247629867164602
1081.85,0.023020339802484913
1082.51,0.021175632324531242
1083.17,0.02139433709525367
1083.83,0.02309193297104319
1084.49,0.024411889374861367
1085.15,0.02404752242328667
1085.8,0.022858939275087656
1086.46,0.02300941916160411
1087.12,0.025677997223114316
1087.78,0.030137714187755873
1088.44,0.034565513734991705
1089.1,0.03712486597788614
1089.76,0.03687845609797957
1090.42,0.03460851604129131
1091.07,0.032472593193118356
1091.73,0.0324681664406336
1092.39,0.03555204525765532
1093.05,0.04231811063682071
1093.71,0.05345008218910089
1094.36,0.06819979654451004
1095.02,0.08248633529818601
1095.68,0.09063788551949116
1096.34,0.09069515930280724
1097.0,0.08652379698317214
1097.65,0.08293192032861553
1098.31,0.08042727958546145
1098.97,0.07650060555622802
1099.63,0.07006775373801263
1100.28,0.06250014240863055
1100.94,0.05555144915862221
1101.6,0.049872823126933065
1102.26,0.04503253144394339
1102.91,0.040089547814371754
1103.57,0.034663011881988365
1104.23,0.02990101831501286
1104.88,0.027864674756331094
1105.54,0.029468817253293332
1106.2,0.0334445558529293
1106.85,0.0376797060259001
1107.51,0.041286511298866506
1108.17,0.045027815901720926
1108.82,0.04976553593826553
1109.48,0.0548574763490305
1110.14,0.05837517407742688
1110.79,0.05878989797145442
1111.45,0.05623839584626114
1112.1,0.05233309773694245
1112.76,0.049230997612273765
1113.42,0.04902871453075859
1114.07,0.05324201610693481
1114.73,0.06152795145876507
1115.38,0.07049623516089931
1116.04,0.07500633576685159
1116.69,0.07196470164471218
1117.35,0.06288722487562394
1118.0,0.052154822314190524
1118.66,0.04299539158295388
1119.31,0.03568029828615389
1119.97,0.02912397242316997
1120.63,0.023085902164630148
1121.28,0.01862255204199595
1121.93,0.017212186742542785
1122.59,0.01978168288133362
1123.24,0.025890431759067977
1123.9,0.03346448488633366
1124.55,0.03970267986755004
1125.21,0.04264657928075152
1125.86,0.041962795231771495
1126.52,0.038635209651605024
1127.17,0.03440165655804036
1127.83,0.03119803092238914
1128.48,0.03021346149994281
1129.13,0.03093358234851908
1129.79,0.031202103675573155
1130.44,0.028900623576010337
1131.1,0.024159931789800058
1131.75,0.019800485215404503
1132.4,0.019251146610776183
1133.06,0.023931174112427324
1133.71,0.032282891090268793
1134.36,0.04068598783358313
1135.02,0.045456107667096735
1135.67,0.04496138721096407
1136.32,0.040277766191485216
1136.98,0.03382282980945889
1137.63,0.027728929223214755
1138.28,0.023616076222388253
1138.94,0.022946575533253095
1139.59,0.026462199795511114
1140.24,0.032996335716301
1140.89,0.0393875765300828
1141.55,0.04216745437575939
1142.2,0.039750609238826826
1142.85,0.0334381360772309
1143.5,0.026535653240870326
1144.16,0.02210208388732044
1144.81,0.02089201152526634
1145.46,0.0212635903873201
